TicketID,Employee,Project,TaskCategory,Description,Week,Status,ProgressPct,EstimatedHours,StartDate,EndDate,ManagerNote
TKT-0001,Lucía Fernández,Project Atlas,testing,Lucía Fernández wrote comprehensive tests for new features to ensure functionality the onboarding flow designed to help new users navigate the system,Week 2,Done,100,6.7,2025-01-20,2025-01-22,Pair with teammate for faster delivery.
TKT-0002,Luis Pérez,Project Gaia,design,Luis Pérez created high-fidelity mockups for enhanced visual storytelling the network configuration enhancing data flow and security,Week 2,Planned,0,1.2,2025-01-20,2025-01-25,Needs clarification from stakeholder.
TKT-0003,Andrés Gómez,Project Gaia,support,Andrés Gómez escalated cases for advanced troubleshooting where necessary the logging system capturing event data for monitoring and analysis,Week 1,In Progress,55,2.8,2025-02-23,2025-02-25,"Blocked by dependency, escalated."
TKT-0004,Carla Soto,Project Flux,frontend,Carla Soto fixed CSS issues in various browsers to ensure consistent appearance the authentication module for secure user access management,Week 1,Planned,5,2.2,2025-01-28,2025-01-31,Ready for review.
TKT-0005,María López,Project Gaia,testing,María López wrote comprehensive tests for new features to ensure functionality the authentication module for secure user access management,Week 3,Planned,5,1.1,2025-02-11,2025-02-13,Needs clarification from stakeholder.
TKT-0006,Valeria Díaz,Project Boreal,backend,Valeria Díaz added a new endpoint to support advanced data analytics features the onboarding flow designed to help new users navigate the system,Week 1,Done,100,8.5,2025-01-30,2025-02-02,"Blocked by dependency, escalated."
TKT-0007,Carla Soto,Project Flux,data,Carla Soto built a data pipeline for efficient data ingestion from multiple sources the landing page designed to attract and convert visitors,Week 1,In Progress,54,8.9,2025-02-13,2025-02-15,Ready for review.
TKT-0008,Sofía Rojas,Project Delta,backend,Sofía Rojas refactored the service architecture to improve scalability and maintainability the KPI dashboard providing real-time insights into business performance,Week 1,Blocked,26,4.3,2025-01-20,2025-01-21,"Blocked by dependency, escalated."
TKT-0009,Luis Pérez,Project Flux,frontend,Luis Pérez refactored existing components of the application for better performance the mobile app improving user engagement and accessibility on-the-go,Week 4,In Progress,83,5.6,2025-03-03,2025-03-07,Needs clarification from stakeholder.
TKT-0010,Diego Ruiz,Project Ember,recruiting,Diego Ruiz coordinated the offer process with the hiring team to finalize selections the logging system capturing event data for monitoring and analysis,Week 4,Done,100,5.7,2025-03-04,2025-03-09,Needs clarification from stakeholder.
TKT-0011,Carla Soto,Project Helix,recruiting,Carla Soto coordinated the offer process with the hiring team to finalize selections the access control mechanisms ensuring proper user permissions,Week 1,Planned,0,0.9,2025-01-15,2025-01-17,"Good progress, continue next week."
TKT-0012,Sofía Rojas,Project Helix,infrastructure,Sofía Rojas hardened the configuration of the firewall to strengthen security posture the onboarding flow designed to help new users navigate the system,Week 1,In Progress,90,6.4,2025-02-18,2025-02-19,"Blocked by dependency, escalated."
TKT-0013,Luis Pérez,Project Gaia,backend,Luis Pérez implemented a robust API for seamless communication between services the onboarding flow designed to help new users navigate the system,Week 3,In Progress,20,7.6,2025-02-07,2025-02-09,"Blocked by dependency, escalated."
TKT-0014,Tomás Silva,Project Delta,support,Tomás Silva escalated cases for advanced troubleshooting where necessary the authentication module for secure user access management,Week 1,In Progress,40,1.3,2025-02-13,2025-02-16,"Good progress, continue next week."
TKT-0015,Isabella Cruz,Project Ember,data,Isabella Cruz cleaned the dataset for improved accuracy in reporting and analysis the network configuration enhancing data flow and security,Week 1,In Progress,50,3.6,2025-01-11,2025-01-15,Needs clarification from stakeholder.
TKT-0016,Carla Soto,Project Helix,support,"Carla Soto escalated cases for advanced troubleshooting where necessary the ETL job that extracts, transforms, and loads data efficiently",Week 2,Done,100,2.6,2025-01-22,2025-01-27,Pair with teammate for faster delivery.
TKT-0017,Valeria Díaz,Project Ember,frontend,Valeria Díaz built a landing page for a new product launch that captured user engagement the payment service enabling seamless transactions and invoicing,Week 4,In Progress,67,4.8,2025-03-04,2025-03-09,Needs clarification from stakeholder.
TKT-0018,Diego Ruiz,Project Flux,testing,Diego Ruiz wrote comprehensive tests for new features to ensure functionality the payment service enabling seamless transactions and invoicing,Week 2,Planned,10,1.3,2025-02-12,2025-02-14,"Good progress, continue next week."
TKT-0019,Diego Ruiz,Project Atlas,testing,Diego Ruiz automated test cases for critical functionalities to streamline the testing process the onboarding flow designed to help new users navigate the system,Week 1,Done,100,4.6,2025-02-07,2025-02-09,Ready for review.
TKT-0020,Diego Ruiz,Project Cobalt,recruiting,"Diego Ruiz coordinated the offer process with the hiring team to finalize selections the ETL job that extracts, transforms, and loads data efficiently",Week 4,Done,100,3.2,2025-01-21,2025-01-25,"Good progress, continue next week."
TKT-0021,Luis Pérez,Project Gaia,support,Luis Pérez resolved complex tickets for users experiencing critical issues the authentication module for secure user access management,Week 4,In Progress,72,3.3,2025-03-02,2025-03-03,Ready for review.
TKT-0022,Andrés Gómez,Project Boreal,data,Andrés Gómez built a data pipeline for efficient data ingestion from multiple sources the mobile app improving user engagement and accessibility on-the-go,Week 4,In Progress,44,6.0,2025-01-14,2025-01-18,Ready for review.
TKT-0023,Diego Ruiz,Project Helix,testing,Diego Ruiz wrote comprehensive tests for new features to ensure functionality the payment service enabling seamless transactions and invoicing,Week 1,Done,100,6.1,2025-01-09,2025-01-14,Needs clarification from stakeholder.
TKT-0024,Carla Soto,Project Helix,infrastructure,Carla Soto configured a server for optimal performance under load conditions the KPI dashboard providing real-time insights into business performance,Week 1,In Progress,71,4.6,2025-01-16,2025-01-20,"Blocked by dependency, escalated."
TKT-0025,Isabella Cruz,Project Ember,devops,Isabella Cruz fixed build failures across multiple environments to ensure stability the authentication module for secure user access management,Week 2,In Progress,82,4.8,2025-01-18,2025-01-21,Pair with teammate for faster delivery.
TKT-0026,Andrés Gómez,Project Atlas,recruiting,Andrés Gómez coordinated the offer process with the hiring team to finalize selections the network configuration enhancing data flow and security,Week 1,Done,100,5.1,2025-01-09,2025-01-14,Pair with teammate for faster delivery.
TKT-0027,Carla Soto,Project Boreal,security,Carla Soto investigated potential security breaches and established preventative measures the KPI dashboard providing real-time insights into business performance,Week 1,Done,100,7.1,2025-02-13,2025-02-14,"Good progress, continue next week."
TKT-0028,Isabella Cruz,Project Delta,design,Isabella Cruz ran usability tests on new features to gather user feedback for improvements the mobile app improving user engagement and accessibility on-the-go,Week 1,In Progress,25,5.3,2025-02-01,2025-02-06,Needs clarification from stakeholder.
TKT-0029,Lucía Fernández,Project Delta,data,Lucía Fernández cleaned the dataset for improved accuracy in reporting and analysis the authentication module for secure user access management,Week 3,In Progress,36,5.4,2025-02-04,2025-02-07,Ready for review.
TKT-0030,Jorge Castillo,Project Boreal,design,"Jorge Castillo created high-fidelity mockups for enhanced visual storytelling the ETL job that extracts, transforms, and loads data efficiently",Week 3,Planned,0,1.1,2025-01-14,2025-01-17,"Blocked by dependency, escalated."
TKT-0031,Elena García,Project Helix,documentation,Elena García updated the technical documentation for improved clarity and accessibility the onboarding flow designed to help new users navigate the system,Week 3,Done,100,3.4,2025-02-14,2025-02-19,Pair with teammate for faster delivery.
TKT-0032,Elena García,Project Boreal,support,Elena García resolved complex tickets for users experiencing critical issues the report generator creating customizable reports for stakeholders,Week 2,Done,100,4.4,2025-01-22,2025-01-23,Pair with teammate for faster delivery.
TKT-0033,Carla Soto,Project Ember,backend,Carla Soto added a new endpoint to support advanced data analytics features the mobile app improving user engagement and accessibility on-the-go,Week 3,Blocked,22,3.6,2025-01-19,2025-01-22,"Good progress, continue next week."
TKT-0034,Luis Pérez,Project Gaia,support,Luis Pérez triaged incidents on the platform to prioritize urgent responses the onboarding flow designed to help new users navigate the system,Week 1,Done,100,2.2,2025-01-06,2025-01-09,"Blocked by dependency, escalated."
TKT-0035,Carla Soto,Project Gaia,devops,Carla Soto set up continuous integration pipelines for automated testing and deployment the logging system capturing event data for monitoring and analysis,Week 1,In Progress,34,6.8,2025-03-07,2025-03-09,Pair with teammate for faster delivery.
TKT-0036,María López,Project Gaia,documentation,"María López created a thorough README for easy onboarding of new developers the ETL job that extracts, transforms, and loads data efficiently",Week 3,Planned,5,0.6,2025-03-04,2025-03-05,Needs clarification from stakeholder.
TKT-0037,Lucía Fernández,Project Flux,testing,Lucía Fernández executed regression tests to verify that existing features remained unaffected the landing page designed to attract and convert visitors,Week 4,Done,100,6.3,2025-02-14,2025-02-16,Needs clarification from stakeholder.
TKT-0038,Isabella Cruz,Project Atlas,infrastructure,Isabella Cruz hardened the configuration of the firewall to strengthen security posture the landing page designed to attract and convert visitors,Week 4,In Progress,62,3.7,2025-02-26,2025-02-28,"Good progress, continue next week."
TKT-0039,Sofía Rojas,Project Helix,security,Sofía Rojas investigated potential security breaches and established preventative measures the authentication module for secure user access management,Week 3,In Progress,78,5.3,2025-01-25,2025-01-27,Needs clarification from stakeholder.
TKT-0040,Sofía Rojas,Project Ember,data,Sofía Rojas created a real-time dashboard for monitoring system performance indicators the onboarding flow designed to help new users navigate the system,Week 3,Done,100,8.4,2025-01-28,2025-02-02,Pair with teammate for faster delivery.
TKT-0041,Mateo Torres,Project Boreal,security,Mateo Torres patched security flaws to ensure compliance with best practices the authentication module for secure user access management,Week 3,Done,100,11.8,2025-01-17,2025-01-22,"Good progress, continue next week."
TKT-0042,Jorge Castillo,Project Flux,infrastructure,Jorge Castillo configured a server for optimal performance under load conditions the KPI dashboard providing real-time insights into business performance,Week 3,Done,100,9.4,2025-02-02,2025-02-07,Pair with teammate for faster delivery.
TKT-0043,Diego Ruiz,Project Atlas,backend,Diego Ruiz optimized database queries in complex transactions to reduce latency the logging system capturing event data for monitoring and analysis,Week 1,Done,100,8.7,2025-02-08,2025-02-13,Ready for review.
TKT-0044,Luis Pérez,Project Flux,support,Luis Pérez answered inquiries about product features promptly and accurately the onboarding flow designed to help new users navigate the system,Week 1,Blocked,21,1.1,2025-02-21,2025-02-24,Ready for review.
TKT-0045,Mateo Torres,Project Ember,infrastructure,Mateo Torres provisioned cloud resources for scalability in peak usage periods the access control mechanisms ensuring proper user permissions,Week 4,In Progress,44,4.5,2025-02-17,2025-02-21,Pair with teammate for faster delivery.
TKT-0046,Elena García,Project Atlas,infrastructure,"Elena García hardened the configuration of the firewall to strengthen security posture the search API facilitating user queries with quick, accurate results",Week 4,In Progress,46,5.9,2025-02-25,2025-03-02,Ready for review.
TKT-0047,Pedro Núñez,Project Delta,support,Pedro Núñez answered inquiries about product features promptly and accurately the payment service enabling seamless transactions and invoicing,Week 1,In Progress,41,2.1,2025-01-24,2025-01-29,Needs clarification from stakeholder.
TKT-0048,Lucía Fernández,Project Delta,backend,"Lucía Fernández optimized database queries in complex transactions to reduce latency the search API facilitating user queries with quick, accurate results",Week 2,Done,100,11.4,2025-01-07,2025-01-08,Pair with teammate for faster delivery.
TKT-0049,Tomás Silva,Project Helix,testing,Tomás Silva executed regression tests to verify that existing features remained unaffected the landing page designed to attract and convert visitors,Week 4,In Progress,44,5.2,2025-02-06,2025-02-10,"Good progress, continue next week."
TKT-0050,Isabella Cruz,Project Gaia,testing,Isabella Cruz executed regression tests to verify that existing features remained unaffected the payment service enabling seamless transactions and invoicing,Week 4,In Progress,86,2.7,2025-01-09,2025-01-14,Ready for review.
TKT-0051,Carla Soto,Project Flux,devops,Carla Soto containerized applications to enhance portability and scalability the network configuration enhancing data flow and security,Week 4,Done,100,7.6,2025-02-14,2025-02-19,Ready for review.
TKT-0052,Isabella Cruz,Project Helix,documentation,Isabella Cruz documented key processes and workflows to maintain knowledge continuity the onboarding flow designed to help new users navigate the system,Week 3,In Progress,51,2.9,2025-02-24,2025-03-01,Needs clarification from stakeholder.
TKT-0053,Elena García,Project Boreal,devops,Elena García added comprehensive monitoring to the deployment process for better visibility the network configuration enhancing data flow and security,Week 2,Done,100,5.8,2025-01-23,2025-01-26,"Good progress, continue next week."
TKT-0054,Carla Soto,Project Delta,documentation,Carla Soto documented key processes and workflows to maintain knowledge continuity the logging system capturing event data for monitoring and analysis,Week 2,In Progress,39,3.7,2025-01-10,2025-01-14,Pair with teammate for faster delivery.
TKT-0055,Pedro Núñez,Project Atlas,infrastructure,Pedro Núñez configured a server for optimal performance under load conditions the access control mechanisms ensuring proper user permissions,Week 4,In Progress,73,9.1,2025-03-04,2025-03-09,Ready for review.
TKT-0056,Pedro Núñez,Project Flux,security,"Pedro Núñez investigated potential security breaches and established preventative measures the search API facilitating user queries with quick, accurate results",Week 4,In Progress,69,9.9,2025-02-09,2025-02-14,Needs clarification from stakeholder.
TKT-0057,Elena García,Project Helix,infrastructure,Elena García migrated the service to a more robust infrastructure platform the landing page designed to attract and convert visitors,Week 4,Planned,5,1.4,2025-02-21,2025-02-23,Pair with teammate for faster delivery.
TKT-0058,María López,Project Gaia,security,"María López investigated potential security breaches and established preventative measures the search API facilitating user queries with quick, accurate results",Week 1,In Progress,23,7.4,2025-02-16,2025-02-20,Needs clarification from stakeholder.
TKT-0059,Ana Morales,Project Gaia,backend,Ana Morales refactored the service architecture to improve scalability and maintainability the KPI dashboard providing real-time insights into business performance,Week 3,In Progress,78,7.8,2025-01-27,2025-01-31,"Blocked by dependency, escalated."
TKT-0060,Tomás Silva,Project Helix,testing,Tomás Silva executed regression tests to verify that existing features remained unaffected the onboarding flow designed to help new users navigate the system,Week 1,Planned,10,1.5,2025-03-07,2025-03-10,"Good progress, continue next week."
TKT-0061,Valeria Díaz,Project Atlas,support,"Valeria Díaz triaged incidents on the platform to prioritize urgent responses the ETL job that extracts, transforms, and loads data efficiently",Week 2,Done,100,2.6,2025-01-18,2025-01-19,Needs clarification from stakeholder.
TKT-0062,Pedro Núñez,Project Boreal,support,Pedro Núñez answered inquiries about product features promptly and accurately the landing page designed to attract and convert visitors,Week 4,In Progress,47,2.3,2025-02-19,2025-02-22,Pair with teammate for faster delivery.
TKT-0063,Jorge Castillo,Project Cobalt,testing,Jorge Castillo automated test cases for critical functionalities to streamline the testing process the access control mechanisms ensuring proper user permissions,Week 1,Done,100,4.3,2025-02-12,2025-02-13,Ready for review.
TKT-0064,Sofía Rojas,Project Boreal,frontend,Sofía Rojas implemented a responsive UI for enhanced user experience across devices the access control mechanisms ensuring proper user permissions,Week 1,In Progress,51,4.5,2025-02-19,2025-02-22,"Good progress, continue next week."
TKT-0065,Mateo Torres,Project Gaia,recruiting,Mateo Torres coordinated the offer process with the hiring team to finalize selections the payment service enabling seamless transactions and invoicing,Week 3,Blocked,2,2.4,2025-01-06,2025-01-10,Ready for review.
TKT-0066,Mateo Torres,Project Helix,support,Mateo Torres answered inquiries about product features promptly and accurately the access control mechanisms ensuring proper user permissions,Week 4,Done,100,4.0,2025-01-17,2025-01-22,Pair with teammate for faster delivery.
TKT-0067,Valeria Díaz,Project Helix,devops,Valeria Díaz set up continuous integration pipelines for automated testing and deployment the mobile app improving user engagement and accessibility on-the-go,Week 3,In Progress,54,5.5,2025-03-01,2025-03-03,Ready for review.
TKT-0068,Diego Ruiz,Project Gaia,devops,Diego Ruiz fixed build failures across multiple environments to ensure stability the logging system capturing event data for monitoring and analysis,Week 3,In Progress,83,7.0,2025-01-17,2025-01-21,"Blocked by dependency, escalated."
TKT-0069,Mateo Torres,Project Ember,backend,"Mateo Torres added a new endpoint to support advanced data analytics features the search API facilitating user queries with quick, accurate results",Week 2,In Progress,86,7.9,2025-01-11,2025-01-13,Pair with teammate for faster delivery.
TKT-0070,Valeria Díaz,Project Helix,frontend,Valeria Díaz implemented a responsive UI for enhanced user experience across devices the mobile app improving user engagement and accessibility on-the-go,Week 4,Blocked,15,2.7,2025-02-25,2025-02-26,Needs clarification from stakeholder.
TKT-0071,Sofía Rojas,Project Ember,frontend,Sofía Rojas fixed CSS issues in various browsers to ensure consistent appearance the KPI dashboard providing real-time insights into business performance,Week 4,Blocked,11,3.5,2025-02-10,2025-02-15,Pair with teammate for faster delivery.
TKT-0072,Mateo Torres,Project Helix,data,Mateo Torres analyzed key metrics on user behavior to inform product decisions the payment service enabling seamless transactions and invoicing,Week 2,In Progress,52,8.9,2025-01-13,2025-01-15,Pair with teammate for faster delivery.
TKT-0073,Valeria Díaz,Project Delta,documentation,Valeria Díaz created a thorough README for easy onboarding of new developers the payment service enabling seamless transactions and invoicing,Week 3,In Progress,81,3.2,2025-02-21,2025-02-26,Needs clarification from stakeholder.
TKT-0074,Elena García,Project Flux,frontend,Elena García implemented a responsive UI for enhanced user experience across devices the network configuration enhancing data flow and security,Week 2,In Progress,21,8.9,2025-01-23,2025-01-24,"Blocked by dependency, escalated."
TKT-0075,Andrés Gómez,Project Helix,documentation,Andrés Gómez documented key processes and workflows to maintain knowledge continuity the logging system capturing event data for monitoring and analysis,Week 3,Planned,0,0.4,2025-02-05,2025-02-09,Needs clarification from stakeholder.
TKT-0076,Ana Morales,Project Helix,backend,Ana Morales implemented a robust API for seamless communication between services the landing page designed to attract and convert visitors,Week 4,Planned,0,2.2,2025-02-06,2025-02-07,Needs clarification from stakeholder.
TKT-0077,Valeria Díaz,Project Ember,design,Valeria Díaz updated the style guide for consistency in branding across platforms the network configuration enhancing data flow and security,Week 1,Planned,0,1.2,2025-02-10,2025-02-14,Ready for review.
TKT-0078,Pedro Núñez,Project Ember,devops,Pedro Núñez set up continuous integration pipelines for automated testing and deployment the access control mechanisms ensuring proper user permissions,Week 4,Done,100,6.5,2025-01-25,2025-01-30,"Good progress, continue next week."
TKT-0079,Valeria Díaz,Project Delta,frontend,Valeria Díaz implemented a responsive UI for enhanced user experience across devices the landing page designed to attract and convert visitors,Week 2,In Progress,30,6.5,2025-01-21,2025-01-23,"Good progress, continue next week."
TKT-0080,Sofía Rojas,Project Helix,devops,Sofía Rojas containerized applications to enhance portability and scalability the payment service enabling seamless transactions and invoicing,Week 3,In Progress,49,2.8,2025-02-20,2025-02-23,Needs clarification from stakeholder.
TKT-0081,Isabella Cruz,Project Delta,backend,Isabella Cruz refactored the service architecture to improve scalability and maintainability the landing page designed to attract and convert visitors,Week 2,In Progress,89,6.8,2025-02-16,2025-02-18,"Good progress, continue next week."
TKT-0082,Ana Morales,Project Ember,documentation,Ana Morales created a thorough README for easy onboarding of new developers the report generator creating customizable reports for stakeholders,Week 4,In Progress,56,3.5,2025-01-13,2025-01-17,Ready for review.
TKT-0083,Elena García,Project Helix,recruiting,Elena García scheduled panel interviews to ensure a thorough evaluation process the authentication module for secure user access management,Week 4,In Progress,25,5.5,2025-02-22,2025-02-25,"Good progress, continue next week."
TKT-0084,Diego Ruiz,Project Atlas,support,"Diego Ruiz triaged incidents on the platform to prioritize urgent responses the search API facilitating user queries with quick, accurate results",Week 3,Done,100,2.6,2025-02-11,2025-02-12,Pair with teammate for faster delivery.
TKT-0085,Lucía Fernández,Project Ember,devops,Lucía Fernández added comprehensive monitoring to the deployment process for better visibility the KPI dashboard providing real-time insights into business performance,Week 4,In Progress,75,4.5,2025-01-11,2025-01-15,"Blocked by dependency, escalated."
TKT-0086,Mateo Torres,Project Boreal,support,Mateo Torres answered inquiries about product features promptly and accurately the onboarding flow designed to help new users navigate the system,Week 3,Done,100,2.6,2025-02-01,2025-02-05,Ready for review.
TKT-0087,Tomás Silva,Project Atlas,recruiting,Tomás Silva coordinated the offer process with the hiring team to finalize selections the network configuration enhancing data flow and security,Week 3,In Progress,60,4.9,2025-01-26,2025-01-27,"Good progress, continue next week."
TKT-0088,Lucía Fernández,Project Helix,recruiting,Lucía Fernández coordinated the offer process with the hiring team to finalize selections the authentication module for secure user access management,Week 3,In Progress,44,4.3,2025-02-14,2025-02-18,Needs clarification from stakeholder.
TKT-0089,Elena García,Project Cobalt,recruiting,Elena García interviewed candidates for key positions to assess their suitability the authentication module for secure user access management,Week 4,Done,100,4.3,2025-03-03,2025-03-07,Pair with teammate for faster delivery.
TKT-0090,Valeria Díaz,Project Cobalt,frontend,"Valeria Díaz implemented a responsive UI for enhanced user experience across devices the search API facilitating user queries with quick, accurate results",Week 4,In Progress,21,7.2,2025-01-11,2025-01-13,"Good progress, continue next week."
TKT-0091,Lucía Fernández,Project Helix,documentation,"Lucía Fernández documented key processes and workflows to maintain knowledge continuity the search API facilitating user queries with quick, accurate results",Week 3,Done,100,4.1,2025-02-07,2025-02-10,Ready for review.
TKT-0092,Diego Ruiz,Project Cobalt,devops,Diego Ruiz added comprehensive monitoring to the deployment process for better visibility the KPI dashboard providing real-time insights into business performance,Week 2,In Progress,85,7.0,2025-03-02,2025-03-03,"Blocked by dependency, escalated."
TKT-0093,Isabella Cruz,Project Ember,recruiting,Isabella Cruz coordinated the offer process with the hiring team to finalize selections the landing page designed to attract and convert visitors,Week 3,Done,100,4.1,2025-02-21,2025-02-24,Ready for review.
TKT-0094,María López,Project Flux,devops,María López fixed build failures across multiple environments to ensure stability the report generator creating customizable reports for stakeholders,Week 4,In Progress,89,5.1,2025-02-04,2025-02-07,Needs clarification from stakeholder.
TKT-0095,Jorge Castillo,Project Delta,infrastructure,Jorge Castillo migrated the service to a more robust infrastructure platform the report generator creating customizable reports for stakeholders,Week 4,Done,100,8.1,2025-01-08,2025-01-11,Ready for review.
TKT-0096,Sofía Rojas,Project Cobalt,support,Sofía Rojas answered inquiries about product features promptly and accurately the payment service enabling seamless transactions and invoicing,Week 2,In Progress,24,1.5,2025-02-07,2025-02-12,Ready for review.
TKT-0097,Luis Pérez,Project Helix,recruiting,"Luis Pérez interviewed candidates for key positions to assess their suitability the search API facilitating user queries with quick, accurate results",Week 4,Planned,0,1.1,2025-03-02,2025-03-04,"Blocked by dependency, escalated."
TKT-0098,Mateo Torres,Project Gaia,design,Mateo Torres designed icons for key functionalities to enhance user interface clarity the logging system capturing event data for monitoring and analysis,Week 3,Blocked,27,2.6,2025-03-01,2025-03-06,Ready for review.
TKT-0099,Tomás Silva,Project Atlas,recruiting,Tomás Silva coordinated the offer process with the hiring team to finalize selections the payment service enabling seamless transactions and invoicing,Week 3,Blocked,7,2.0,2025-01-20,2025-01-21,"Good progress, continue next week."
TKT-0100,Pedro Núñez,Project Ember,documentation,Pedro Núñez created a thorough README for easy onboarding of new developers the logging system capturing event data for monitoring and analysis,Week 1,Done,100,3.8,2025-01-26,2025-01-27,"Blocked by dependency, escalated."
TKT-0101,Sofía Rojas,Project Delta,documentation,Sofía Rojas documented key processes and workflows to maintain knowledge continuity the access control mechanisms ensuring proper user permissions,Week 2,In Progress,43,2.1,2025-01-17,2025-01-18,Needs clarification from stakeholder.
TKT-0102,Pedro Núñez,Project Cobalt,design,Pedro Núñez designed icons for key functionalities to enhance user interface clarity the mobile app improving user engagement and accessibility on-the-go,Week 4,In Progress,52,4.3,2025-01-22,2025-01-23,Pair with teammate for faster delivery.
TKT-0103,Carla Soto,Project Helix,testing,"Carla Soto automated test cases for critical functionalities to streamline the testing process the search API facilitating user queries with quick, accurate results",Week 3,Done,100,5.5,2025-02-15,2025-02-19,"Blocked by dependency, escalated."
TKT-0104,Diego Ruiz,Project Helix,infrastructure,Diego Ruiz hardened the configuration of the firewall to strengthen security posture the authentication module for secure user access management,Week 3,Planned,5,1.4,2025-02-11,2025-02-14,Ready for review.
TKT-0105,Elena García,Project Atlas,security,Elena García investigated potential security breaches and established preventative measures the access control mechanisms ensuring proper user permissions,Week 4,Done,100,9.6,2025-02-28,2025-03-03,"Blocked by dependency, escalated."
TKT-0106,Diego Ruiz,Project Delta,support,Diego Ruiz resolved complex tickets for users experiencing critical issues the mobile app improving user engagement and accessibility on-the-go,Week 2,Blocked,21,1.3,2025-02-15,2025-02-16,Ready for review.
TKT-0107,Ana Morales,Project Flux,design,Ana Morales ran usability tests on new features to gather user feedback for improvements the report generator creating customizable reports for stakeholders,Week 1,Done,100,8.8,2025-03-05,2025-03-08,Ready for review.
TKT-0108,Carla Soto,Project Cobalt,frontend,Carla Soto fixed CSS issues in various browsers to ensure consistent appearance the landing page designed to attract and convert visitors,Week 3,Done,100,8.3,2025-02-08,2025-02-13,"Blocked by dependency, escalated."
TKT-0109,Isabella Cruz,Project Ember,devops,Isabella Cruz containerized applications to enhance portability and scalability the payment service enabling seamless transactions and invoicing,Week 3,Done,100,7.5,2025-02-26,2025-02-27,Needs clarification from stakeholder.
TKT-0110,Valeria Díaz,Project Gaia,frontend,Valeria Díaz implemented a responsive UI for enhanced user experience across devices the mobile app improving user engagement and accessibility on-the-go,Week 3,Done,100,7.9,2025-01-11,2025-01-15,Pair with teammate for faster delivery.
TKT-0111,Luis Pérez,Project Flux,devops,Luis Pérez added comprehensive monitoring to the deployment process for better visibility the payment service enabling seamless transactions and invoicing,Week 3,Blocked,21,1.5,2025-02-12,2025-02-16,Needs clarification from stakeholder.
TKT-0112,Pedro Núñez,Project Flux,security,Pedro Núñez reviewed security protocols to identify areas for improvement the report generator creating customizable reports for stakeholders,Week 2,Done,100,9.9,2025-02-16,2025-02-17,"Blocked by dependency, escalated."
TKT-0113,Lucía Fernández,Project Boreal,infrastructure,"Lucía Fernández configured a server for optimal performance under load conditions the ETL job that extracts, transforms, and loads data efficiently",Week 3,Planned,0,1.8,2025-02-06,2025-02-07,Pair with teammate for faster delivery.
TKT-0114,Carla Soto,Project Helix,infrastructure,Carla Soto migrated the service to a more robust infrastructure platform the onboarding flow designed to help new users navigate the system,Week 4,In Progress,89,10.8,2025-02-12,2025-02-14,"Good progress, continue next week."
TKT-0115,Tomás Silva,Project Gaia,devops,"Tomás Silva fixed build failures across multiple environments to ensure stability the search API facilitating user queries with quick, accurate results",Week 3,Done,100,6.7,2025-01-08,2025-01-11,Ready for review.
TKT-0116,Diego Ruiz,Project Boreal,data,Diego Ruiz cleaned the dataset for improved accuracy in reporting and analysis the KPI dashboard providing real-time insights into business performance,Week 3,Done,100,8.6,2025-02-09,2025-02-12,"Blocked by dependency, escalated."
TKT-0117,Diego Ruiz,Project Helix,testing,Diego Ruiz executed regression tests to verify that existing features remained unaffected the landing page designed to attract and convert visitors,Week 1,Planned,0,1.2,2025-01-09,2025-01-12,Pair with teammate for faster delivery.
TKT-0118,Diego Ruiz,Project Delta,testing,Diego Ruiz wrote comprehensive tests for new features to ensure functionality the mobile app improving user engagement and accessibility on-the-go,Week 3,In Progress,49,3.4,2025-02-24,2025-02-26,Needs clarification from stakeholder.
TKT-0119,Carla Soto,Project Ember,recruiting,Carla Soto screened resumes for potential hires that matched our company culture the authentication module for secure user access management,Week 1,Done,100,6.4,2025-02-17,2025-02-18,"Blocked by dependency, escalated."
TKT-0120,Valeria Díaz,Project Flux,frontend,Valeria Díaz implemented a responsive UI for enhanced user experience across devices the report generator creating customizable reports for stakeholders,Week 1,Planned,5,1.9,2025-01-14,2025-01-18,"Good progress, continue next week."
TKT-0121,Pedro Núñez,Project Flux,devops,Pedro Núñez set up continuous integration pipelines for automated testing and deployment the report generator creating customizable reports for stakeholders,Week 4,In Progress,33,6.7,2025-02-07,2025-02-09,Pair with teammate for faster delivery.
TKT-0122,Elena García,Project Atlas,devops,Elena García containerized applications to enhance portability and scalability the report generator creating customizable reports for stakeholders,Week 4,Planned,5,1.1,2025-02-02,2025-02-03,Ready for review.
TKT-0123,Luis Pérez,Project Flux,testing,Luis Pérez automated test cases for critical functionalities to streamline the testing process the KPI dashboard providing real-time insights into business performance,Week 2,Blocked,2,3.2,2025-01-23,2025-01-28,Pair with teammate for faster delivery.
TKT-0124,María López,Project Helix,backend,María López optimized database queries in complex transactions to reduce latency the KPI dashboard providing real-time insights into business performance,Week 1,In Progress,75,4.7,2025-02-25,2025-02-26,Ready for review.
TKT-0125,Isabella Cruz,Project Gaia,frontend,Isabella Cruz fixed CSS issues in various browsers to ensure consistent appearance the KPI dashboard providing real-time insights into business performance,Week 4,In Progress,78,7.3,2025-02-01,2025-02-02,"Blocked by dependency, escalated."
TKT-0126,Lucía Fernández,Project Flux,backend,Lucía Fernández implemented a robust API for seamless communication between services the payment service enabling seamless transactions and invoicing,Week 4,Done,100,13.5,2025-01-10,2025-01-11,Ready for review.
TKT-0127,Luis Pérez,Project Cobalt,data,Luis Pérez created a real-time dashboard for monitoring system performance indicators the report generator creating customizable reports for stakeholders,Week 1,In Progress,62,4.8,2025-02-01,2025-02-04,"Good progress, continue next week."
TKT-0128,Elena García,Project Ember,design,Elena García updated the style guide for consistency in branding across platforms the payment service enabling seamless transactions and invoicing,Week 2,In Progress,84,4.1,2025-01-15,2025-01-19,"Blocked by dependency, escalated."
TKT-0129,Tomás Silva,Project Flux,recruiting,Tomás Silva interviewed candidates for key positions to assess their suitability the access control mechanisms ensuring proper user permissions,Week 2,Planned,5,1.0,2025-02-26,2025-03-02,"Blocked by dependency, escalated."
TKT-0130,Ana Morales,Project Ember,documentation,Ana Morales created a thorough README for easy onboarding of new developers the authentication module for secure user access management,Week 3,Done,100,3.5,2025-03-05,2025-03-08,Needs clarification from stakeholder.
TKT-0131,Tomás Silva,Project Gaia,documentation,Tomás Silva wrote detailed guidelines for best practices and coding standards the KPI dashboard providing real-time insights into business performance,Week 1,Planned,10,0.5,2025-01-11,2025-01-16,Ready for review.
TKT-0132,Pedro Núñez,Project Cobalt,data,Pedro Núñez built a data pipeline for efficient data ingestion from multiple sources the landing page designed to attract and convert visitors,Week 1,In Progress,61,6.5,2025-03-03,2025-03-04,Pair with teammate for faster delivery.
TKT-0133,Ana Morales,Project Boreal,support,Ana Morales escalated cases for advanced troubleshooting where necessary the mobile app improving user engagement and accessibility on-the-go,Week 4,In Progress,74,1.8,2025-02-13,2025-02-17,Needs clarification from stakeholder.
TKT-0134,Valeria Díaz,Project Boreal,recruiting,Valeria Díaz coordinated the offer process with the hiring team to finalize selections the network configuration enhancing data flow and security,Week 3,In Progress,34,4.5,2025-02-18,2025-02-23,"Blocked by dependency, escalated."
TKT-0135,Ana Morales,Project Gaia,frontend,"Ana Morales fixed CSS issues in various browsers to ensure consistent appearance the ETL job that extracts, transforms, and loads data efficiently",Week 1,Done,100,6.2,2025-01-06,2025-01-08,Needs clarification from stakeholder.
TKT-0136,Valeria Díaz,Project Ember,backend,Valeria Díaz optimized database queries in complex transactions to reduce latency the landing page designed to attract and convert visitors,Week 4,In Progress,20,10.0,2025-02-22,2025-02-26,Ready for review.
TKT-0137,María López,Project Flux,frontend,María López built a landing page for a new product launch that captured user engagement the payment service enabling seamless transactions and invoicing,Week 1,Planned,10,1.3,2025-02-02,2025-02-03,"Blocked by dependency, escalated."
TKT-0138,Jorge Castillo,Project Gaia,infrastructure,Jorge Castillo migrated the service to a more robust infrastructure platform the authentication module for secure user access management,Week 4,Done,100,8.3,2025-01-24,2025-01-25,"Blocked by dependency, escalated."
TKT-0139,Carla Soto,Project Helix,design,"Carla Soto created high-fidelity mockups for enhanced visual storytelling the ETL job that extracts, transforms, and loads data efficiently",Week 3,Done,100,7.2,2025-01-11,2025-01-15,Ready for review.
TKT-0140,Jorge Castillo,Project Boreal,infrastructure,Jorge Castillo provisioned cloud resources for scalability in peak usage periods the payment service enabling seamless transactions and invoicing,Week 3,In Progress,59,5.0,2025-01-20,2025-01-23,Pair with teammate for faster delivery.
TKT-0141,Lucía Fernández,Project Delta,testing,Lucía Fernández executed regression tests to verify that existing features remained unaffected the payment service enabling seamless transactions and invoicing,Week 3,Done,100,6.3,2025-01-28,2025-01-30,Needs clarification from stakeholder.
TKT-0142,Elena García,Project Cobalt,frontend,Elena García built a landing page for a new product launch that captured user engagement the access control mechanisms ensuring proper user permissions,Week 1,Blocked,24,4.2,2025-01-17,2025-01-21,Pair with teammate for faster delivery.
TKT-0143,Pedro Núñez,Project Flux,support,"Pedro Núñez resolved complex tickets for users experiencing critical issues the search API facilitating user queries with quick, accurate results",Week 3,Done,100,1.8,2025-01-15,2025-01-19,Ready for review.
TKT-0144,Lucía Fernández,Project Ember,backend,Lucía Fernández added a new endpoint to support advanced data analytics features the authentication module for secure user access management,Week 1,In Progress,65,7.5,2025-01-25,2025-01-29,"Good progress, continue next week."
TKT-0145,Mateo Torres,Project Boreal,backend,"Mateo Torres added a new endpoint to support advanced data analytics features the search API facilitating user queries with quick, accurate results",Week 1,Blocked,27,3.8,2025-02-14,2025-02-19,Pair with teammate for faster delivery.
TKT-0146,María López,Project Helix,security,María López reviewed security protocols to identify areas for improvement the network configuration enhancing data flow and security,Week 2,Done,100,12.0,2025-01-26,2025-01-31,Needs clarification from stakeholder.
TKT-0147,Ana Morales,Project Boreal,devops,Ana Morales fixed build failures across multiple environments to ensure stability the authentication module for secure user access management,Week 3,Done,100,4.8,2025-02-20,2025-02-21,Needs clarification from stakeholder.
TKT-0148,Andrés Gómez,Project Helix,devops,Andrés Gómez containerized applications to enhance portability and scalability the KPI dashboard providing real-time insights into business performance,Week 3,In Progress,40,3.8,2025-01-29,2025-02-01,"Blocked by dependency, escalated."
TKT-0149,Lucía Fernández,Project Atlas,design,Lucía Fernández created high-fidelity mockups for enhanced visual storytelling the network configuration enhancing data flow and security,Week 3,Done,100,6.8,2025-01-10,2025-01-13,Ready for review.
TKT-0150,Elena García,Project Cobalt,backend,Elena García optimized database queries in complex transactions to reduce latency the access control mechanisms ensuring proper user permissions,Week 3,In Progress,38,7.7,2025-01-25,2025-01-29,"Good progress, continue next week."
TKT-0151,Elena García,Project Gaia,recruiting,Elena García interviewed candidates for key positions to assess their suitability the onboarding flow designed to help new users navigate the system,Week 2,Blocked,10,2.1,2025-02-17,2025-02-22,Ready for review.
TKT-0152,María López,Project Atlas,data,"María López built a data pipeline for efficient data ingestion from multiple sources the ETL job that extracts, transforms, and loads data efficiently",Week 2,In Progress,43,7.0,2025-01-27,2025-01-31,Needs clarification from stakeholder.
TKT-0153,Carla Soto,Project Ember,testing,Carla Soto wrote comprehensive tests for new features to ensure functionality the onboarding flow designed to help new users navigate the system,Week 1,Done,100,5.0,2025-02-07,2025-02-12,"Blocked by dependency, escalated."
TKT-0154,Isabella Cruz,Project Cobalt,design,Isabella Cruz updated the style guide for consistency in branding across platforms the report generator creating customizable reports for stakeholders,Week 2,In Progress,39,5.1,2025-01-17,2025-01-22,Ready for review.
TKT-0155,Ana Morales,Project Flux,infrastructure,"Ana Morales migrated the service to a more robust infrastructure platform the ETL job that extracts, transforms, and loads data efficiently",Week 4,Blocked,7,3.9,2025-02-14,2025-02-17,Pair with teammate for faster delivery.
TKT-0156,Diego Ruiz,Project Helix,backend,"Diego Ruiz added a new endpoint to support advanced data analytics features the search API facilitating user queries with quick, accurate results",Week 2,Done,100,7.4,2025-01-29,2025-02-03,"Blocked by dependency, escalated."
TKT-0157,Valeria Díaz,Project Gaia,infrastructure,Valeria Díaz provisioned cloud resources for scalability in peak usage periods the mobile app improving user engagement and accessibility on-the-go,Week 2,Done,100,13.2,2025-02-26,2025-03-03,"Good progress, continue next week."
TKT-0158,Lucía Fernández,Project Flux,devops,Lucía Fernández fixed build failures across multiple environments to ensure stability the mobile app improving user engagement and accessibility on-the-go,Week 1,In Progress,33,6.3,2025-01-24,2025-01-25,Ready for review.
TKT-0159,Isabella Cruz,Project Cobalt,recruiting,Isabella Cruz coordinated the offer process with the hiring team to finalize selections the logging system capturing event data for monitoring and analysis,Week 1,Done,100,3.5,2025-03-07,2025-03-09,"Good progress, continue next week."
TKT-0160,Sofía Rojas,Project Gaia,security,Sofía Rojas investigated potential security breaches and established preventative measures the authentication module for secure user access management,Week 4,In Progress,50,9.3,2025-01-11,2025-01-14,"Blocked by dependency, escalated."
TKT-0161,Isabella Cruz,Project Flux,testing,Isabella Cruz validated application behavior under various conditions to enhance reliability the report generator creating customizable reports for stakeholders,Week 2,Done,100,4.5,2025-01-08,2025-01-11,Needs clarification from stakeholder.
TKT-0162,Valeria Díaz,Project Helix,devops,Valeria Díaz fixed build failures across multiple environments to ensure stability the landing page designed to attract and convert visitors,Week 1,Blocked,28,3.4,2025-01-07,2025-01-10,Pair with teammate for faster delivery.
TKT-0163,Andrés Gómez,Project Gaia,design,"Andrés Gómez created high-fidelity mockups for enhanced visual storytelling the ETL job that extracts, transforms, and loads data efficiently",Week 2,Planned,5,1.5,2025-01-25,2025-01-26,Ready for review.
TKT-0164,Lucía Fernández,Project Helix,design,Lucía Fernández updated the style guide for consistency in branding across platforms the report generator creating customizable reports for stakeholders,Week 1,Planned,5,1.0,2025-02-15,2025-02-20,Needs clarification from stakeholder.
TKT-0165,Elena García,Project Atlas,infrastructure,Elena García hardened the configuration of the firewall to strengthen security posture the payment service enabling seamless transactions and invoicing,Week 4,Blocked,7,4.5,2025-01-17,2025-01-18,Pair with teammate for faster delivery.
TKT-0166,María López,Project Atlas,recruiting,María López scheduled panel interviews to ensure a thorough evaluation process the mobile app improving user engagement and accessibility on-the-go,Week 1,In Progress,80,4.4,2025-02-15,2025-02-19,"Good progress, continue next week."
TKT-0167,Mateo Torres,Project Flux,testing,Mateo Torres automated test cases for critical functionalities to streamline the testing process the network configuration enhancing data flow and security,Week 3,In Progress,33,5.8,2025-01-14,2025-01-15,"Blocked by dependency, escalated."
TKT-0168,Tomás Silva,Project Cobalt,support,Tomás Silva triaged incidents on the platform to prioritize urgent responses the landing page designed to attract and convert visitors,Week 4,Done,100,4.4,2025-02-19,2025-02-23,"Good progress, continue next week."
TKT-0169,Andrés Gómez,Project Atlas,devops,Andrés Gómez added comprehensive monitoring to the deployment process for better visibility the mobile app improving user engagement and accessibility on-the-go,Week 2,In Progress,25,5.3,2025-03-03,2025-03-04,Pair with teammate for faster delivery.
TKT-0170,Sofía Rojas,Project Helix,recruiting,Sofía Rojas scheduled panel interviews to ensure a thorough evaluation process the mobile app improving user engagement and accessibility on-the-go,Week 3,In Progress,44,3.2,2025-01-28,2025-01-29,"Good progress, continue next week."
TKT-0171,Valeria Díaz,Project Gaia,data,Valeria Díaz analyzed key metrics on user behavior to inform product decisions the landing page designed to attract and convert visitors,Week 4,Done,100,6.2,2025-03-04,2025-03-08,Ready for review.
TKT-0172,Andrés Gómez,Project Flux,devops,Andrés Gómez containerized applications to enhance portability and scalability the payment service enabling seamless transactions and invoicing,Week 3,Done,100,5.6,2025-02-26,2025-02-27,Ready for review.
TKT-0173,Jorge Castillo,Project Ember,documentation,"Jorge Castillo created a thorough README for easy onboarding of new developers the search API facilitating user queries with quick, accurate results",Week 3,In Progress,30,3.1,2025-02-17,2025-02-20,Pair with teammate for faster delivery.
TKT-0174,Andrés Gómez,Project Cobalt,infrastructure,Andrés Gómez migrated the service to a more robust infrastructure platform the mobile app improving user engagement and accessibility on-the-go,Week 4,Blocked,11,3.9,2025-01-08,2025-01-11,"Good progress, continue next week."
TKT-0175,Luis Pérez,Project Gaia,support,Luis Pérez escalated cases for advanced troubleshooting where necessary the authentication module for secure user access management,Week 1,In Progress,40,2.6,2025-01-15,2025-01-20,Needs clarification from stakeholder.
TKT-0176,Luis Pérez,Project Flux,frontend,Luis Pérez fixed CSS issues in various browsers to ensure consistent appearance the logging system capturing event data for monitoring and analysis,Week 2,In Progress,24,7.7,2025-02-18,2025-02-22,Ready for review.
TKT-0177,Valeria Díaz,Project Cobalt,testing,Valeria Díaz executed regression tests to verify that existing features remained unaffected the payment service enabling seamless transactions and invoicing,Week 3,In Progress,70,4.8,2025-02-16,2025-02-19,"Good progress, continue next week."
TKT-0178,Andrés Gómez,Project Helix,documentation,"Andrés Gómez documented key processes and workflows to maintain knowledge continuity the ETL job that extracts, transforms, and loads data efficiently",Week 3,In Progress,35,4.4,2025-02-24,2025-02-27,Pair with teammate for faster delivery.
TKT-0179,Elena García,Project Delta,devops,Elena García set up continuous integration pipelines for automated testing and deployment the onboarding flow designed to help new users navigate the system,Week 4,Planned,0,1.3,2025-01-17,2025-01-21,"Blocked by dependency, escalated."
TKT-0180,Lucía Fernández,Project Boreal,data,Lucía Fernández built a data pipeline for efficient data ingestion from multiple sources the logging system capturing event data for monitoring and analysis,Week 3,In Progress,57,9.6,2025-03-01,2025-03-03,Pair with teammate for faster delivery.
TKT-0181,Diego Ruiz,Project Delta,testing,Diego Ruiz wrote comprehensive tests for new features to ensure functionality the logging system capturing event data for monitoring and analysis,Week 2,Done,100,6.9,2025-02-25,2025-03-01,Pair with teammate for faster delivery.
TKT-0182,Jorge Castillo,Project Helix,data,Jorge Castillo cleaned the dataset for improved accuracy in reporting and analysis the mobile app improving user engagement and accessibility on-the-go,Week 2,Done,100,6.3,2025-02-14,2025-02-15,Ready for review.
TKT-0183,Andrés Gómez,Project Gaia,devops,"Andrés Gómez set up continuous integration pipelines for automated testing and deployment the search API facilitating user queries with quick, accurate results",Week 1,Done,100,5.1,2025-01-14,2025-01-17,Ready for review.
TKT-0184,Lucía Fernández,Project Flux,recruiting,Lucía Fernández coordinated the offer process with the hiring team to finalize selections the network configuration enhancing data flow and security,Week 2,Planned,10,1.1,2025-02-24,2025-02-26,"Good progress, continue next week."
TKT-0185,Tomás Silva,Project Cobalt,testing,Tomás Silva automated test cases for critical functionalities to streamline the testing process the network configuration enhancing data flow and security,Week 3,In Progress,40,4.5,2025-03-06,2025-03-08,"Blocked by dependency, escalated."
TKT-0186,Tomás Silva,Project Ember,testing,Tomás Silva wrote comprehensive tests for new features to ensure functionality the network configuration enhancing data flow and security,Week 3,In Progress,90,5.7,2025-01-14,2025-01-17,Needs clarification from stakeholder.
TKT-0187,Jorge Castillo,Project Cobalt,design,Jorge Castillo created high-fidelity mockups for enhanced visual storytelling the authentication module for secure user access management,Week 1,In Progress,63,5.4,2025-02-27,2025-02-28,Pair with teammate for faster delivery.
TKT-0188,Elena García,Project Delta,support,Elena García escalated cases for advanced troubleshooting where necessary the onboarding flow designed to help new users navigate the system,Week 4,Done,100,2.9,2025-02-14,2025-02-15,Pair with teammate for faster delivery.
TKT-0189,Elena García,Project Ember,support,Elena García resolved complex tickets for users experiencing critical issues the landing page designed to attract and convert visitors,Week 3,In Progress,71,1.9,2025-02-04,2025-02-05,Ready for review.
TKT-0190,Sofía Rojas,Project Helix,devops,Sofía Rojas added comprehensive monitoring to the deployment process for better visibility the KPI dashboard providing real-time insights into business performance,Week 3,In Progress,38,3.5,2025-03-02,2025-03-05,Needs clarification from stakeholder.
TKT-0191,Valeria Díaz,Project Boreal,data,Valeria Díaz built a data pipeline for efficient data ingestion from multiple sources the landing page designed to attract and convert visitors,Week 1,In Progress,79,5.7,2025-01-23,2025-01-27,"Good progress, continue next week."
TKT-0192,Ana Morales,Project Gaia,backend,Ana Morales refactored the service architecture to improve scalability and maintainability the access control mechanisms ensuring proper user permissions,Week 4,Done,100,10.9,2025-01-21,2025-01-23,"Blocked by dependency, escalated."
TKT-0193,Diego Ruiz,Project Helix,documentation,Diego Ruiz documented key processes and workflows to maintain knowledge continuity the authentication module for secure user access management,Week 4,Done,100,4.2,2025-02-06,2025-02-09,"Good progress, continue next week."
TKT-0194,Sofía Rojas,Project Helix,recruiting,Sofía Rojas interviewed candidates for key positions to assess their suitability the authentication module for secure user access management,Week 2,Done,100,3.4,2025-02-12,2025-02-15,"Blocked by dependency, escalated."
TKT-0195,Pedro Núñez,Project Helix,design,Pedro Núñez ran usability tests on new features to gather user feedback for improvements the report generator creating customizable reports for stakeholders,Week 1,In Progress,21,5.0,2025-02-02,2025-02-04,"Blocked by dependency, escalated."
TKT-0196,Valeria Díaz,Project Flux,infrastructure,Valeria Díaz hardened the configuration of the firewall to strengthen security posture the payment service enabling seamless transactions and invoicing,Week 2,Planned,0,2.0,2025-01-29,2025-02-03,Ready for review.
TKT-0197,María López,Project Ember,devops,María López containerized applications to enhance portability and scalability the logging system capturing event data for monitoring and analysis,Week 1,Done,100,5.5,2025-01-14,2025-01-15,"Blocked by dependency, escalated."
TKT-0198,María López,Project Cobalt,data,María López cleaned the dataset for improved accuracy in reporting and analysis the authentication module for secure user access management,Week 4,In Progress,85,6.6,2025-02-07,2025-02-08,Needs clarification from stakeholder.
TKT-0199,Andrés Gómez,Project Helix,data,Andrés Gómez analyzed key metrics on user behavior to inform product decisions the landing page designed to attract and convert visitors,Week 2,In Progress,39,6.5,2025-01-26,2025-01-31,Ready for review.
TKT-0200,Jorge Castillo,Project Flux,backend,"Jorge Castillo refactored the service architecture to improve scalability and maintainability the search API facilitating user queries with quick, accurate results",Week 4,In Progress,85,5.1,2025-02-20,2025-02-25,"Good progress, continue next week."
TKT-0201,Mateo Torres,Project Boreal,data,Mateo Torres created a real-time dashboard for monitoring system performance indicators the mobile app improving user engagement and accessibility on-the-go,Week 3,Done,100,8.7,2025-02-25,2025-02-26,Pair with teammate for faster delivery.
TKT-0202,Jorge Castillo,Project Atlas,frontend,Jorge Castillo implemented a responsive UI for enhanced user experience across devices the access control mechanisms ensuring proper user permissions,Week 4,In Progress,41,7.3,2025-01-15,2025-01-17,"Good progress, continue next week."
TKT-0203,Diego Ruiz,Project Helix,security,Diego Ruiz reviewed security protocols to identify areas for improvement the network configuration enhancing data flow and security,Week 4,In Progress,39,10.2,2025-02-19,2025-02-21,Pair with teammate for faster delivery.
TKT-0204,Isabella Cruz,Project Atlas,devops,Isabella Cruz containerized applications to enhance portability and scalability the network configuration enhancing data flow and security,Week 2,Done,100,8.8,2025-02-10,2025-02-13,Ready for review.
TKT-0205,Mateo Torres,Project Helix,documentation,Mateo Torres created a thorough README for easy onboarding of new developers the access control mechanisms ensuring proper user permissions,Week 3,Done,100,2.6,2025-02-09,2025-02-12,Ready for review.
TKT-0206,Diego Ruiz,Project Ember,frontend,Diego Ruiz refactored existing components of the application for better performance the report generator creating customizable reports for stakeholders,Week 3,In Progress,48,4.9,2025-02-24,2025-02-27,Ready for review.
TKT-0207,Mateo Torres,Project Flux,devops,Mateo Torres containerized applications to enhance portability and scalability the KPI dashboard providing real-time insights into business performance,Week 3,In Progress,55,6.3,2025-01-13,2025-01-18,"Blocked by dependency, escalated."
TKT-0208,Valeria Díaz,Project Ember,documentation,Valeria Díaz created a thorough README for easy onboarding of new developers the report generator creating customizable reports for stakeholders,Week 1,Planned,10,0.9,2025-01-28,2025-02-01,Ready for review.
TKT-0209,Diego Ruiz,Project Ember,frontend,"Diego Ruiz refactored existing components of the application for better performance the ETL job that extracts, transforms, and loads data efficiently",Week 3,Done,100,9.0,2025-01-14,2025-01-15,"Good progress, continue next week."
TKT-0210,Lucía Fernández,Project Delta,recruiting,Lucía Fernández coordinated the offer process with the hiring team to finalize selections the payment service enabling seamless transactions and invoicing,Week 1,Blocked,1,3.0,2025-02-01,2025-02-04,Needs clarification from stakeholder.
TKT-0211,Ana Morales,Project Cobalt,recruiting,Ana Morales scheduled panel interviews to ensure a thorough evaluation process the logging system capturing event data for monitoring and analysis,Week 4,In Progress,80,4.6,2025-02-16,2025-02-18,"Blocked by dependency, escalated."
TKT-0212,Lucía Fernández,Project Boreal,security,Lucía Fernández reviewed security protocols to identify areas for improvement the landing page designed to attract and convert visitors,Week 1,Blocked,7,5.1,2025-03-05,2025-03-07,"Good progress, continue next week."
TKT-0213,Tomás Silva,Project Helix,infrastructure,Tomás Silva configured a server for optimal performance under load conditions the logging system capturing event data for monitoring and analysis,Week 1,In Progress,57,8.9,2025-01-06,2025-01-09,"Blocked by dependency, escalated."
TKT-0214,Pedro Núñez,Project Helix,support,Pedro Núñez escalated cases for advanced troubleshooting where necessary the mobile app improving user engagement and accessibility on-the-go,Week 2,Done,100,3.5,2025-03-01,2025-03-06,Needs clarification from stakeholder.
TKT-0215,Valeria Díaz,Project Flux,testing,Valeria Díaz wrote comprehensive tests for new features to ensure functionality the report generator creating customizable reports for stakeholders,Week 3,In Progress,78,4.4,2025-02-20,2025-02-22,"Blocked by dependency, escalated."
TKT-0216,Valeria Díaz,Project Delta,backend,Valeria Díaz implemented a robust API for seamless communication between services the KPI dashboard providing real-time insights into business performance,Week 4,In Progress,71,8.6,2025-02-07,2025-02-10,"Good progress, continue next week."
TKT-0217,Carla Soto,Project Helix,documentation,"Carla Soto wrote detailed guidelines for best practices and coding standards the search API facilitating user queries with quick, accurate results",Week 1,In Progress,51,2.6,2025-01-22,2025-01-26,"Blocked by dependency, escalated."
TKT-0218,Mateo Torres,Project Atlas,backend,Mateo Torres added a new endpoint to support advanced data analytics features the mobile app improving user engagement and accessibility on-the-go,Week 2,In Progress,66,6.8,2025-01-09,2025-01-10,Needs clarification from stakeholder.
TKT-0219,Sofía Rojas,Project Ember,support,"Sofía Rojas triaged incidents on the platform to prioritize urgent responses the ETL job that extracts, transforms, and loads data efficiently",Week 3,Blocked,20,1.1,2025-01-29,2025-02-03,Needs clarification from stakeholder.
TKT-0220,Pedro Núñez,Project Helix,documentation,Pedro Núñez documented key processes and workflows to maintain knowledge continuity the network configuration enhancing data flow and security,Week 3,Done,100,4.1,2025-02-01,2025-02-06,Needs clarification from stakeholder.
TKT-0221,Valeria Díaz,Project Boreal,frontend,Valeria Díaz implemented a responsive UI for enhanced user experience across devices the authentication module for secure user access management,Week 3,In Progress,87,9.6,2025-01-10,2025-01-15,Pair with teammate for faster delivery.
TKT-0222,Isabella Cruz,Project Delta,recruiting,Isabella Cruz coordinated the offer process with the hiring team to finalize selections the payment service enabling seamless transactions and invoicing,Week 2,In Progress,39,2.1,2025-01-26,2025-01-31,Needs clarification from stakeholder.
TKT-0223,Andrés Gómez,Project Helix,design,Andrés Gómez designed icons for key functionalities to enhance user interface clarity the landing page designed to attract and convert visitors,Week 4,Planned,10,1.4,2025-02-26,2025-02-27,Pair with teammate for faster delivery.
TKT-0224,Sofía Rojas,Project Atlas,devops,Sofía Rojas set up continuous integration pipelines for automated testing and deployment the report generator creating customizable reports for stakeholders,Week 1,In Progress,59,3.3,2025-01-31,2025-02-03,Needs clarification from stakeholder.
TKT-0225,Jorge Castillo,Project Atlas,testing,Jorge Castillo validated application behavior under various conditions to enhance reliability the authentication module for secure user access management,Week 1,In Progress,28,4.2,2025-03-06,2025-03-07,"Blocked by dependency, escalated."
TKT-0226,Sofía Rojas,Project Cobalt,documentation,Sofía Rojas documented key processes and workflows to maintain knowledge continuity the KPI dashboard providing real-time insights into business performance,Week 4,Done,100,5.1,2025-01-29,2025-02-02,Ready for review.
TKT-0227,Luis Pérez,Project Cobalt,support,Luis Pérez escalated cases for advanced troubleshooting where necessary the network configuration enhancing data flow and security,Week 1,Blocked,11,1.2,2025-01-17,2025-01-22,Needs clarification from stakeholder.
TKT-0228,Andrés Gómez,Project Atlas,frontend,Andrés Gómez built a landing page for a new product launch that captured user engagement the network configuration enhancing data flow and security,Week 3,Done,100,5.8,2025-02-04,2025-02-09,Ready for review.
TKT-0229,Tomás Silva,Project Delta,frontend,Tomás Silva implemented a responsive UI for enhanced user experience across devices the onboarding flow designed to help new users navigate the system,Week 3,In Progress,39,5.3,2025-01-18,2025-01-19,Ready for review.
TKT-0230,Jorge Castillo,Project Delta,security,"Jorge Castillo thoroughly fixed the vulnerabilities found in the system the ETL job that extracts, transforms, and loads data efficiently",Week 1,In Progress,32,9.4,2025-02-03,2025-02-08,"Good progress, continue next week."
TKT-0231,Sofía Rojas,Project Delta,devops,Sofía Rojas fixed build failures across multiple environments to ensure stability the report generator creating customizable reports for stakeholders,Week 2,In Progress,27,4.6,2025-02-07,2025-02-10,Pair with teammate for faster delivery.
TKT-0232,Mateo Torres,Project Flux,design,Mateo Torres ran usability tests on new features to gather user feedback for improvements the authentication module for secure user access management,Week 2,In Progress,38,5.1,2025-02-01,2025-02-04,Pair with teammate for faster delivery.
TKT-0233,Jorge Castillo,Project Gaia,documentation,Jorge Castillo created a thorough README for easy onboarding of new developers the report generator creating customizable reports for stakeholders,Week 3,In Progress,26,3.2,2025-03-07,2025-03-11,Ready for review.
TKT-0234,Sofía Rojas,Project Ember,documentation,Sofía Rojas created a thorough README for easy onboarding of new developers the report generator creating customizable reports for stakeholders,Week 4,In Progress,88,2.7,2025-01-21,2025-01-23,Needs clarification from stakeholder.
TKT-0235,Valeria Díaz,Project Atlas,devops,"Valeria Díaz added comprehensive monitoring to the deployment process for better visibility the ETL job that extracts, transforms, and loads data efficiently",Week 2,In Progress,73,8.4,2025-01-30,2025-02-01,"Blocked by dependency, escalated."
TKT-0236,Lucía Fernández,Project Helix,testing,Lucía Fernández wrote comprehensive tests for new features to ensure functionality the mobile app improving user engagement and accessibility on-the-go,Week 1,Done,100,7.0,2025-02-09,2025-02-11,Ready for review.
TKT-0237,Lucía Fernández,Project Atlas,design,"Lucía Fernández updated the style guide for consistency in branding across platforms the search API facilitating user queries with quick, accurate results",Week 2,Done,100,3.0,2025-02-26,2025-03-03,Needs clarification from stakeholder.
TKT-0238,Tomás Silva,Project Ember,data,Tomás Silva cleaned the dataset for improved accuracy in reporting and analysis the report generator creating customizable reports for stakeholders,Week 1,Done,100,8.4,2025-01-19,2025-01-21,Ready for review.
TKT-0239,Isabella Cruz,Project Delta,frontend,"Isabella Cruz built a landing page for a new product launch that captured user engagement the search API facilitating user queries with quick, accurate results",Week 3,In Progress,50,5.3,2025-02-24,2025-02-27,Pair with teammate for faster delivery.
TKT-0240,Lucía Fernández,Project Ember,data,Lucía Fernández created a real-time dashboard for monitoring system performance indicators the logging system capturing event data for monitoring and analysis,Week 4,In Progress,85,7.8,2025-02-04,2025-02-05,Needs clarification from stakeholder.
TKT-0241,Mateo Torres,Project Gaia,data,Mateo Torres created a real-time dashboard for monitoring system performance indicators the mobile app improving user engagement and accessibility on-the-go,Week 2,Planned,0,1.3,2025-01-07,2025-01-10,Needs clarification from stakeholder.
TKT-0242,Diego Ruiz,Project Delta,data,"Diego Ruiz analyzed key metrics on user behavior to inform product decisions the search API facilitating user queries with quick, accurate results",Week 4,In Progress,51,6.2,2025-02-10,2025-02-13,Ready for review.
TKT-0243,Pedro Núñez,Project Flux,documentation,Pedro Núñez updated the technical documentation for improved clarity and accessibility the network configuration enhancing data flow and security,Week 4,In Progress,89,3.6,2025-01-17,2025-01-22,"Good progress, continue next week."
TKT-0244,Tomás Silva,Project Atlas,testing,Tomás Silva wrote comprehensive tests for new features to ensure functionality the report generator creating customizable reports for stakeholders,Week 4,Done,100,7.3,2025-01-14,2025-01-16,Needs clarification from stakeholder.
TKT-0245,Ana Morales,Project Helix,frontend,Ana Morales built a landing page for a new product launch that captured user engagement the authentication module for secure user access management,Week 4,In Progress,81,4.5,2025-01-07,2025-01-08,"Good progress, continue next week."
TKT-0246,María López,Project Ember,backend,María López implemented a robust API for seamless communication between services the payment service enabling seamless transactions and invoicing,Week 4,Planned,10,1.6,2025-02-26,2025-02-28,Pair with teammate for faster delivery.
TKT-0247,Carla Soto,Project Delta,frontend,Carla Soto implemented a responsive UI for enhanced user experience across devices the logging system capturing event data for monitoring and analysis,Week 3,Blocked,8,2.8,2025-01-23,2025-01-27,Ready for review.
TKT-0248,Pedro Núñez,Project Delta,design,Pedro Núñez created high-fidelity mockups for enhanced visual storytelling the payment service enabling seamless transactions and invoicing,Week 2,Done,100,5.0,2025-01-25,2025-01-26,Ready for review.
TKT-0249,Sofía Rojas,Project Helix,infrastructure,Sofía Rojas migrated the service to a more robust infrastructure platform the onboarding flow designed to help new users navigate the system,Week 2,Planned,0,2.6,2025-01-11,2025-01-15,"Blocked by dependency, escalated."
TKT-0250,Jorge Castillo,Project Atlas,testing,Jorge Castillo automated test cases for critical functionalities to streamline the testing process the network configuration enhancing data flow and security,Week 3,In Progress,80,5.3,2025-01-08,2025-01-09,Pair with teammate for faster delivery.
TKT-0251,Lucía Fernández,Project Cobalt,security,Lucía Fernández investigated potential security breaches and established preventative measures the report generator creating customizable reports for stakeholders,Week 3,Done,100,6.8,2025-01-07,2025-01-09,Ready for review.
TKT-0252,Isabella Cruz,Project Ember,testing,Isabella Cruz automated test cases for critical functionalities to streamline the testing process the KPI dashboard providing real-time insights into business performance,Week 4,In Progress,50,5.9,2025-02-18,2025-02-23,Needs clarification from stakeholder.
TKT-0253,Valeria Díaz,Project Flux,testing,Valeria Díaz automated test cases for critical functionalities to streamline the testing process the access control mechanisms ensuring proper user permissions,Week 2,Planned,5,1.8,2025-02-28,2025-03-01,Pair with teammate for faster delivery.
TKT-0254,Jorge Castillo,Project Flux,infrastructure,Jorge Castillo hardened the configuration of the firewall to strengthen security posture the network configuration enhancing data flow and security,Week 4,Planned,5,2.3,2025-02-06,2025-02-08,Ready for review.
TKT-0255,Sofía Rojas,Project Gaia,documentation,Sofía Rojas updated the technical documentation for improved clarity and accessibility the payment service enabling seamless transactions and invoicing,Week 3,Planned,10,0.5,2025-02-26,2025-02-28,"Blocked by dependency, escalated."
TKT-0256,Carla Soto,Project Cobalt,infrastructure,Carla Soto configured a server for optimal performance under load conditions the authentication module for secure user access management,Week 3,Done,100,7.9,2025-01-29,2025-01-30,"Blocked by dependency, escalated."
TKT-0257,Pedro Núñez,Project Ember,data,Pedro Núñez created a real-time dashboard for monitoring system performance indicators the payment service enabling seamless transactions and invoicing,Week 2,Planned,0,2.1,2025-02-02,2025-02-06,"Good progress, continue next week."
TKT-0258,Luis Pérez,Project Boreal,data,Luis Pérez created a real-time dashboard for monitoring system performance indicators the KPI dashboard providing real-time insights into business performance,Week 4,In Progress,61,5.3,2025-01-06,2025-01-09,"Good progress, continue next week."
TKT-0259,Andrés Gómez,Project Delta,recruiting,Andrés Gómez scheduled panel interviews to ensure a thorough evaluation process the mobile app improving user engagement and accessibility on-the-go,Week 4,In Progress,41,4.4,2025-01-16,2025-01-18,"Blocked by dependency, escalated."
TKT-0260,Pedro Núñez,Project Boreal,documentation,Pedro Núñez updated the technical documentation for improved clarity and accessibility the logging system capturing event data for monitoring and analysis,Week 4,In Progress,55,3.8,2025-01-25,2025-01-29,"Blocked by dependency, escalated."
TKT-0261,Diego Ruiz,Project Helix,support,Diego Ruiz answered inquiries about product features promptly and accurately the authentication module for secure user access management,Week 4,In Progress,45,1.8,2025-01-12,2025-01-14,Ready for review.
TKT-0262,Mateo Torres,Project Gaia,design,Mateo Torres designed icons for key functionalities to enhance user interface clarity the onboarding flow designed to help new users navigate the system,Week 3,Done,100,5.9,2025-02-03,2025-02-06,Pair with teammate for faster delivery.
TKT-0263,Carla Soto,Project Flux,backend,Carla Soto optimized database queries in complex transactions to reduce latency the KPI dashboard providing real-time insights into business performance,Week 2,Blocked,22,1.8,2025-02-05,2025-02-08,"Blocked by dependency, escalated."
TKT-0264,Elena García,Project Helix,support,Elena García answered inquiries about product features promptly and accurately the KPI dashboard providing real-time insights into business performance,Week 2,Done,100,2.2,2025-01-26,2025-01-30,"Blocked by dependency, escalated."
TKT-0265,Luis Pérez,Project Delta,design,Luis Pérez created high-fidelity mockups for enhanced visual storytelling the report generator creating customizable reports for stakeholders,Week 2,In Progress,89,4.5,2025-02-18,2025-02-23,Ready for review.
TKT-0266,Andrés Gómez,Project Helix,frontend,Andrés Gómez built a landing page for a new product launch that captured user engagement the landing page designed to attract and convert visitors,Week 1,Done,100,5.5,2025-02-27,2025-03-03,"Blocked by dependency, escalated."
TKT-0267,Diego Ruiz,Project Cobalt,backend,Diego Ruiz added a new endpoint to support advanced data analytics features the access control mechanisms ensuring proper user permissions,Week 4,Done,100,12.7,2025-01-10,2025-01-14,Ready for review.
TKT-0268,María López,Project Gaia,recruiting,María López scheduled panel interviews to ensure a thorough evaluation process the landing page designed to attract and convert visitors,Week 1,In Progress,66,2.6,2025-01-12,2025-01-14,Pair with teammate for faster delivery.
TKT-0269,Ana Morales,Project Gaia,design,Ana Morales created high-fidelity mockups for enhanced visual storytelling the authentication module for secure user access management,Week 3,Done,100,5.3,2025-02-25,2025-03-01,"Good progress, continue next week."
TKT-0270,Elena García,Project Delta,frontend,Elena García refactored existing components of the application for better performance the logging system capturing event data for monitoring and analysis,Week 4,In Progress,70,6.6,2025-02-24,2025-03-01,"Good progress, continue next week."
TKT-0271,Pedro Núñez,Project Ember,testing,Pedro Núñez automated test cases for critical functionalities to streamline the testing process the mobile app improving user engagement and accessibility on-the-go,Week 1,In Progress,30,6.5,2025-02-28,2025-03-02,"Blocked by dependency, escalated."
TKT-0272,Pedro Núñez,Project Helix,frontend,Pedro Núñez fixed CSS issues in various browsers to ensure consistent appearance the payment service enabling seamless transactions and invoicing,Week 4,In Progress,32,4.1,2025-02-21,2025-02-25,"Blocked by dependency, escalated."
TKT-0273,Ana Morales,Project Atlas,testing,Ana Morales executed regression tests to verify that existing features remained unaffected the network configuration enhancing data flow and security,Week 1,Done,100,7.7,2025-02-18,2025-02-20,Needs clarification from stakeholder.
TKT-0274,María López,Project Flux,documentation,María López wrote detailed guidelines for best practices and coding standards the landing page designed to attract and convert visitors,Week 2,In Progress,79,3.2,2025-02-26,2025-03-02,Ready for review.
TKT-0275,Sofía Rojas,Project Delta,security,Sofía Rojas investigated potential security breaches and established preventative measures the mobile app improving user engagement and accessibility on-the-go,Week 4,In Progress,74,6.0,2025-01-06,2025-01-08,"Good progress, continue next week."
TKT-0276,Jorge Castillo,Project Cobalt,testing,Jorge Castillo validated application behavior under various conditions to enhance reliability the network configuration enhancing data flow and security,Week 4,In Progress,45,5.4,2025-01-13,2025-01-16,"Blocked by dependency, escalated."
TKT-0277,Jorge Castillo,Project Gaia,infrastructure,Jorge Castillo provisioned cloud resources for scalability in peak usage periods the onboarding flow designed to help new users navigate the system,Week 3,In Progress,64,7.6,2025-03-01,2025-03-05,"Blocked by dependency, escalated."
TKT-0278,Isabella Cruz,Project Boreal,design,Isabella Cruz created high-fidelity mockups for enhanced visual storytelling the landing page designed to attract and convert visitors,Week 1,Blocked,10,2.0,2025-01-21,2025-01-24,"Blocked by dependency, escalated."
TKT-0279,Andrés Gómez,Project Gaia,documentation,Andrés Gómez documented key processes and workflows to maintain knowledge continuity the onboarding flow designed to help new users navigate the system,Week 4,In Progress,37,3.3,2025-02-02,2025-02-04,Pair with teammate for faster delivery.
TKT-0280,Andrés Gómez,Project Cobalt,support,"Andrés Gómez answered inquiries about product features promptly and accurately the search API facilitating user queries with quick, accurate results",Week 3,In Progress,82,2.2,2025-01-14,2025-01-16,Pair with teammate for faster delivery.
TKT-0281,Ana Morales,Project Atlas,data,Ana Morales created a real-time dashboard for monitoring system performance indicators the KPI dashboard providing real-time insights into business performance,Week 4,In Progress,44,6.6,2025-02-10,2025-02-15,Ready for review.
TKT-0282,Sofía Rojas,Project Helix,devops,"Sofía Rojas added comprehensive monitoring to the deployment process for better visibility the ETL job that extracts, transforms, and loads data efficiently",Week 2,In Progress,23,6.5,2025-01-24,2025-01-25,Pair with teammate for faster delivery.
TKT-0283,Elena García,Project Helix,documentation,Elena García created a thorough README for easy onboarding of new developers the network configuration enhancing data flow and security,Week 1,In Progress,83,4.5,2025-02-11,2025-02-12,"Blocked by dependency, escalated."
TKT-0284,María López,Project Helix,security,María López patched security flaws to ensure compliance with best practices the authentication module for secure user access management,Week 1,In Progress,74,5.5,2025-02-22,2025-02-24,Ready for review.
TKT-0285,Elena García,Project Boreal,data,Elena García analyzed key metrics on user behavior to inform product decisions the report generator creating customizable reports for stakeholders,Week 2,In Progress,35,9.6,2025-01-19,2025-01-24,Pair with teammate for faster delivery.
TKT-0286,Lucía Fernández,Project Cobalt,infrastructure,Lucía Fernández configured a server for optimal performance under load conditions the access control mechanisms ensuring proper user permissions,Week 2,Blocked,25,1.8,2025-02-27,2025-03-01,"Blocked by dependency, escalated."
TKT-0287,María López,Project Cobalt,backend,María López implemented a robust API for seamless communication between services the landing page designed to attract and convert visitors,Week 3,In Progress,57,6.9,2025-02-11,2025-02-14,Ready for review.
TKT-0288,Isabella Cruz,Project Ember,security,Isabella Cruz investigated potential security breaches and established preventative measures the landing page designed to attract and convert visitors,Week 2,Done,100,11.5,2025-02-19,2025-02-21,"Blocked by dependency, escalated."
TKT-0289,Tomás Silva,Project Gaia,frontend,Tomás Silva implemented a responsive UI for enhanced user experience across devices the onboarding flow designed to help new users navigate the system,Week 4,In Progress,54,6.8,2025-01-30,2025-02-03,"Good progress, continue next week."
TKT-0290,Sofía Rojas,Project Ember,recruiting,Sofía Rojas scheduled panel interviews to ensure a thorough evaluation process the access control mechanisms ensuring proper user permissions,Week 3,Blocked,28,1.7,2025-02-04,2025-02-08,"Good progress, continue next week."
TKT-0291,Tomás Silva,Project Helix,testing,"Tomás Silva validated application behavior under various conditions to enhance reliability the ETL job that extracts, transforms, and loads data efficiently",Week 3,Blocked,22,2.3,2025-03-01,2025-03-02,Ready for review.
TKT-0292,Tomás Silva,Project Helix,frontend,Tomás Silva refactored existing components of the application for better performance the access control mechanisms ensuring proper user permissions,Week 3,In Progress,56,5.6,2025-02-10,2025-02-15,Ready for review.
TKT-0293,Valeria Díaz,Project Atlas,data,"Valeria Díaz built a data pipeline for efficient data ingestion from multiple sources the search API facilitating user queries with quick, accurate results",Week 4,Planned,10,1.4,2025-01-07,2025-01-08,Ready for review.
TKT-0294,Ana Morales,Project Delta,infrastructure,Ana Morales provisioned cloud resources for scalability in peak usage periods the mobile app improving user engagement and accessibility on-the-go,Week 2,Done,100,10.9,2025-03-03,2025-03-06,"Good progress, continue next week."
TKT-0295,Lucía Fernández,Project Ember,data,Lucía Fernández analyzed key metrics on user behavior to inform product decisions the report generator creating customizable reports for stakeholders,Week 2,Planned,10,1.7,2025-01-09,2025-01-13,Needs clarification from stakeholder.
TKT-0296,Sofía Rojas,Project Boreal,support,Sofía Rojas resolved complex tickets for users experiencing critical issues the landing page designed to attract and convert visitors,Week 1,Done,100,2.5,2025-01-19,2025-01-23,Pair with teammate for faster delivery.
TKT-0297,Diego Ruiz,Project Helix,recruiting,Diego Ruiz coordinated the offer process with the hiring team to finalize selections the report generator creating customizable reports for stakeholders,Week 3,Planned,10,1.2,2025-02-27,2025-02-28,Needs clarification from stakeholder.
TKT-0298,Pedro Núñez,Project Delta,testing,Pedro Núñez automated test cases for critical functionalities to streamline the testing process the landing page designed to attract and convert visitors,Week 1,In Progress,33,5.2,2025-01-26,2025-01-29,Ready for review.
TKT-0299,Valeria Díaz,Project Cobalt,documentation,Valeria Díaz documented key processes and workflows to maintain knowledge continuity the logging system capturing event data for monitoring and analysis,Week 1,Planned,10,1.0,2025-02-14,2025-02-16,Needs clarification from stakeholder.
TKT-0300,Lucía Fernández,Project Gaia,documentation,Lucía Fernández wrote detailed guidelines for best practices and coding standards the payment service enabling seamless transactions and invoicing,Week 2,Blocked,14,1.9,2025-01-11,2025-01-12,Pair with teammate for faster delivery.
